sim_names,q,mtotal,chi_eff,e_esigma,e_gw,mean_anomaly_esigma,mean_anomaly_gw
EccContPrecDiff007,2.5,72,0.0025,0.0564402204180559,0.06657163765582286,0.437524840285983,5.386698152645364
ICTSEccParallel15,5.0,48,0.3,0.0751290759248375,0.08190332692526836,3.78303521486295,4.549656988944854
ICTSEccParallel08,5.0,90,0.05,0.115549416434911,0.14404718737640532,5.63640701125567,2.4410987586452606
EccContPrecDiff008,1.0,40,0.0013,0.109962287794464,0.11786970681070796,2.52599650619921,5.0868027857172144
ICTSEccParallel17,5.0,54,-0.55,0.0943495755569635,0.11004899298264637,4.62530332096144,3.129862937766344
EccPrecDiff002,1.0,30,0.1997,0.279901696030883,0.2945483555039806,2.2512768403347,1.034067276693122
