eccentricity,log_bf_eAS_PS
0.0,5.859509991035111
0.05,6.58617114633298
0.1,9.981086863187599
0.15,13.84363485672337
0.2,28.756184358936252
0.25,37.089529474530224
0.3,63.87035349523066
