eccentricity,log_bf_eAS_iPS
0.0,-1.3958322150210094
0.05,-0.1220817332998223
0.1,0.9021542545015322
0.15,1.1817619238564845
0.2,3.45612245049918
0.25,7.656816092135415
0.3,17.20586554513119
0.35,20.637833542405076
